run,attempt,leaf,complete,outcome,half_swing_deg,terminal_residual_deg,commanded_lift_mm
icR_f0.35_e3e4_y-15,0,patch_1,False,approach timeout,,,0.0
icR_f0.35_e3e4_y-15,1,patch_7,False,approach timeout,,,0.0
icR_f0.35_e3e4_y-15,2,patch_4,False,approach timeout,,,0.0
icR_f0.35_e3e4_y-15,3,patch_6,True,complete,17.15,0.0,30.0
icR_f0.35_e3e4_y-30,0,patch_2,False,approach timeout,,,0.0
icR_f0.35_e3e4_y-30,1,patch_7,False,approach timeout,,,0.0
icR_f0.35_e3e4_y-30,2,patch_1,True,complete,2.4,0.0,30.0
icR_f0.35_e3e4_y0,0,patch_6,False,approach timeout,,,0.0
icR_f0.35_e3e4_y0,1,patch_8,False,approach timeout,,,0.0
icR_f0.35_e3e4_y0,2,patch_1,True,complete,5.55,2.5,30.0
icR_f0.35_e3e4_y15,0,patch_5,True,complete,1.9,0.0,30.0
icR_f0.35_e3e4_y15,1,patch_2,True,complete,0.35,0.0,30.0
icR_f0.35_e3e4_y15,2,patch_8,False,"probe timeout (contact 0.0 s, frames 0)",,0.0,0.0
icR_f0.35_e3e4_y15,3,patch_7,False,approach timeout,,,0.0
icR_f0.35_e3e4_y30,0,patch_2,True,complete,0.45,0.1,30.0
icR_f0.35_e3e4_y30,1,patch_8,False,force safety trip (pads 8.18 N),,1.6,25.7
icR_f0.35_e3e4_y30,2,patch_6,True,complete,2.35,0.0,30.0
icR_f0.35_e3e4_y30,3,patch_5,True,complete,,0.1,30.0
icR_f0.35_e3e5_y-15,0,patch_4,True,complete,,0.1,30.0
icR_f0.35_e3e5_y-15,1,patch_2,False,approach timeout,,,0.0
icR_f0.35_e3e5_y-30,0,patch_2,False,approach timeout,,,0.0
icR_f0.35_e3e5_y-30,1,patch_9,False,approach timeout,,,0.0
icR_f0.35_e3e5_y-30,2,patch_7,True,complete,2.95,0.0,30.0
icR_f0.35_e3e5_y-30,3,patch_1,True,complete,4.3,0.0,30.0
icR_f0.35_e3e5_y0,0,patch_7,True,complete,1.95,0.0,30.0
icR_f0.35_e3e5_y0,1,patch_10,True,complete,,152.9,30.0
icR_f0.35_e3e5_y0,2,patch_1,True,complete,7.35,6.4,30.0
icR_f0.35_e3e5_y0,3,patch_3,True,complete,,14.5,30.0
icR_f0.35_e3e5_y15,0,patch_6,True,complete,2.15,0.0,30.0
icR_f0.35_e3e5_y15,1,patch_2,False,"probe timeout (contact 0.0 s, frames 0)",0.5,0.0,30.0
icR_f0.35_e3e5_y15,2,patch_8,True,complete,,0.1,30.0
icR_f0.35_e3e5_y15,3,patch_7,False,no pinch (gripper closed without loading the pads),,0.0,0.0
icR_f0.35_e3e5_y30,0,patch_3,True,complete,0.05,0.0,22.7
icR_f0.35_e3e5_y30,1,patch_9,True,complete,0.95,0.0,30.0
icR_f0.35_e3e5_y30,2,patch_5,True,complete,0.9,0.4,30.0
icR_f0.35_e3e5_y30,3,patch_7,True,complete,,0.1,30.0
icR_f0.35_e3e6_y-15,0,patch_4,True,complete,4.2,0.1,30.0
icR_f0.35_e3e6_y-15,1,patch_3,False,approach timeout,,,0.0
icR_f0.35_e3e6_y-30,0,patch_2,False,approach timeout,,,0.0
icR_f0.35_e3e6_y-30,1,patch_1,False,approach timeout,,,0.0
icR_f0.35_e3e6_y0,0,patch_6,False,approach timeout,,,0.0
icR_f0.35_e3e6_y0,1,patch_7,False,approach timeout,,,0.0
icR_f0.35_e3e6_y0,2,patch_2,True,complete,8.8,0.4,30.0
icR_f0.35_e3e6_y0,3,patch_3,True,complete,,1.4,30.0
icR_f0.35_e3e6_y15,0,patch_3,False,"probe timeout (contact 57.5 s, frames 56)",,0.0,0.2
icR_f0.35_e3e6_y15,1,patch_6,True,complete,0.9,0.0,30.0
icR_f0.35_e3e6_y15,2,patch_8,True,complete,,0.1,30.0
icR_f0.35_e3e6_y15,3,patch_1,True,complete,5.5,3.7,30.0
icR_f0.35_e3e6_y30,0,patch_3,False,"probe timeout (contact 57.6 s, frames 56)",,0.0,0.2
icR_f0.35_e3e6_y30,1,patch_10,True,complete,0.95,0.0,29.9
icR_f0.35_e3e6_y30,2,patch_7,True,complete,0.05,0.0,30.0
icR_f0.35_e3e6_y30,3,patch_5,True,complete,,0.1,30.0
icR_f0.55_e3e4_y-15,0,patch_6,False,approach timeout,,,0.0
icR_f0.55_e3e4_y-15,1,patch_1,False,approach timeout,,,0.0
icR_f0.55_e3e4_y-15,2,patch_4,False,approach timeout,,,0.0
icR_f0.55_e3e4_y-15,3,patch_8,True,complete,,0.0,30.0
icR_f0.55_e3e4_y-30,0,patch_7,False,approach timeout,,,0.0
icR_f0.55_e3e4_y-30,1,patch_2,False,approach timeout,,,0.0
icR_f0.55_e3e4_y-30,2,patch_1,False,approach timeout,,,0.0
icR_f0.55_e3e4_y0,0,patch_1,True,complete,5.5,3.0,30.0
icR_f0.55_e3e4_y0,1,patch_8,True,complete,4.3,14.0,30.0
icR_f0.55_e3e4_y0,2,patch_6,False,"probe timeout (contact 46.7 s, frames 45)",4.45,0.0,1.4
icR_f0.55_e3e4_y0,3,patch_3,True,complete,,2.9,30.0
icR_f0.55_e3e4_y15,0,patch_1,True,complete,0.9,4.2,30.0
icR_f0.55_e3e4_y15,1,patch_10,True,complete,,0.2,30.0
icR_f0.55_e3e4_y15,2,patch_6,False,approach timeout,,,0.0
icR_f0.55_e3e4_y15,3,patch_2,True,complete,0.35,0.1,30.0
icR_f0.55_e3e4_y30,0,patch_6,True,complete,2.25,0.0,30.0
icR_f0.55_e3e4_y30,1,patch_8,False,force safety trip (pads 8.03 N),,0.7,28.1
icR_f0.55_e3e4_y30,2,patch_5,True,complete,,0.1,30.0
icR_f0.55_e3e4_y30,3,patch_2,True,complete,0.45,0.1,30.0
icR_f0.55_e3e5_y-15,0,patch_4,True,complete,,0.1,30.0
icR_f0.55_e3e5_y-15,1,patch_2,False,approach timeout,,,0.0
icR_f0.55_e3e5_y-30,0,patch_2,False,approach timeout,,,0.0
icR_f0.55_e3e5_y-30,1,patch_1,False,approach timeout,,,0.0
icR_f0.55_e3e5_y0,0,patch_1,True,complete,8.5,21.5,30.0
icR_f0.55_e3e5_y15,0,patch_1,True,complete,3.95,1.6,30.0
icR_f0.55_e3e5_y15,1,patch_9,True,complete,,1.5,30.0
icR_f0.55_e3e5_y15,2,patch_6,True,complete,2.1,0.0,30.0
icR_f0.55_e3e5_y15,3,patch_10,False,approach timeout,,,0.0
icR_f0.55_e3e5_y30,0,patch_5,True,complete,1.05,0.2,30.0
icR_f0.55_e3e5_y30,1,patch_9,True,complete,1.0,0.0,30.0
icR_f0.55_e3e5_y30,2,patch_7,True,complete,,0.1,30.0
icR_f0.55_e3e5_y30,3,patch_3,True,complete,0.6,0.0,30.0
icR_f0.55_e3e6_y-15,0,patch_4,True,complete,4.25,0.1,30.0
icR_f0.55_e3e6_y-15,1,patch_2,False,approach timeout,,,0.0
icR_f0.55_e3e6_y-30,0,patch_2,False,approach timeout,,,0.0
icR_f0.55_e3e6_y-30,1,patch_1,False,approach timeout,,,0.0
icR_f0.55_e3e6_y0,0,patch_1,True,complete,8.6,0.5,30.0
icR_f0.55_e3e6_y0,1,patch_3,True,complete,,3.5,30.0
icR_f0.55_e3e6_y0,2,patch_7,False,approach timeout,,,0.0
icR_f0.55_e3e6_y0,3,patch_6,False,approach timeout,,,0.0
icR_f0.55_e3e6_y15,0,patch_1,True,complete,4.45,0.7,30.0
icR_f0.55_e3e6_y15,1,patch_7,False,approach timeout,,,0.0
icR_f0.55_e3e6_y15,2,patch_6,True,complete,0.95,0.0,30.0
icR_f0.55_e3e6_y15,3,patch_8,True,complete,,0.1,30.0
icR_f0.55_e3e6_y30,0,patch_7,True,complete,0.35,0.0,30.0
icR_f0.55_e3e6_y30,1,patch_10,True,complete,1.3,0.0,29.9
icR_f0.55_e3e6_y30,2,patch_5,True,complete,,0.0,30.0
icR_f0.55_e3e6_y30,3,patch_3,False,"probe timeout (contact 57.7 s, frames 55)",,0.0,7.8
icR_f0.75_e3e4_y-15,0,patch_6,True,complete,16.85,0.0,30.0
icR_f0.75_e3e4_y-15,1,patch_4,False,approach timeout,,,0.0
icR_f0.75_e3e4_y-15,2,patch_1,False,approach timeout,,,0.0
icR_f0.75_e3e4_y-15,3,patch_7,False,approach timeout,,,0.0
icR_f0.75_e3e4_y-30,0,patch_1,True,complete,1.7,0.0,30.0
icR_f0.75_e3e4_y0,0,patch_3,True,complete,,2.5,30.0
icR_f0.75_e3e4_y0,1,patch_8,False,"probe timeout (contact 0.0 s, frames 0)",,4.6,14.3
icR_f0.75_e3e4_y0,2,patch_1,True,complete,5.75,3.6,30.0
icR_f0.75_e3e4_y0,3,patch_6,False,approach timeout,,,0.0
icR_f0.75_e3e4_y15,0,patch_1,True,complete,0.9,4.5,30.0
icR_f0.75_e3e4_y15,1,patch_10,True,complete,,0.2,30.0
icR_f0.75_e3e4_y15,2,patch_8,False,approach timeout,,,0.0
icR_f0.75_e3e4_y15,3,patch_2,True,complete,0.35,0.0,30.0
icR_f0.75_e3e4_y30,0,patch_5,True,complete,,0.1,30.0
icR_f0.75_e3e4_y30,1,patch_6,True,complete,2.25,0.0,30.0
icR_f0.75_e3e4_y30,2,patch_8,False,force safety trip (pads 8.35 N),,1.6,26.3
icR_f0.75_e3e4_y30,3,patch_2,True,complete,0.45,0.0,30.0
icR_f0.75_e3e5_y-15,0,patch_5,True,complete,8.55,0.0,30.0
icR_f0.75_e3e5_y-15,1,patch_2,False,approach timeout,,,0.0
icR_f0.75_e3e5_y-30,0,patch_1,True,complete,4.25,0.0,30.0
icR_f0.75_e3e5_y0,0,patch_11,True,complete,,150.2,30.0
icR_f0.75_e3e5_y0,1,patch_3,True,complete,,4.5,30.0
icR_f0.75_e3e5_y0,2,patch_1,True,complete,9.35,30.0,30.0
icR_f0.75_e3e5_y0,3,patch_6,True,complete,4.35,0.0,30.0
icR_f0.75_e3e5_y15,0,patch_10,False,approach timeout,,,0.0
icR_f0.75_e3e5_y15,1,patch_1,True,complete,4.7,1.4,30.0
icR_f0.75_e3e5_y15,2,patch_6,True,complete,2.0,0.0,30.0
icR_f0.75_e3e5_y15,3,patch_8,True,complete,,0.1,30.0
icR_f0.75_e3e5_y30,0,patch_7,True,complete,,0.1,30.0
icR_f0.75_e3e5_y30,1,patch_6,True,complete,1.2,0.4,30.0
icR_f0.75_e3e5_y30,2,patch_1,True,complete,,4.6,30.0
icR_f0.75_e3e5_y30,3,patch_9,True,complete,1.1,0.1,30.0
icR_f0.75_e3e6_y-15,0,patch_4,True,complete,5.8,0.1,30.0
icR_f0.75_e3e6_y-15,1,patch_2,False,approach timeout,,,0.0
icR_f0.75_e3e6_y-30,0,patch_1,True,complete,3.45,0.9,29.8
icR_f0.75_e3e6_y-30,1,patch_2,False,approach timeout,,,0.0
icR_f0.75_e3e6_y0,0,patch_3,True,complete,,4.0,30.0
icR_f0.75_e3e6_y0,1,patch_2,False,approach timeout,,,0.0
icR_f0.75_e3e6_y15,0,patch_7,False,approach timeout,,,0.0
icR_f0.75_e3e6_y15,1,patch_1,True,complete,4.8,0.7,30.0
icR_f0.75_e3e6_y15,2,patch_6,True,complete,1.05,0.0,30.0
icR_f0.75_e3e6_y15,3,patch_8,True,complete,,0.1,30.0
icR_f0.75_e3e6_y30,0,patch_5,True,complete,,0.1,30.0
icR_f0.75_e3e6_y30,1,patch_6,True,complete,0.2,0.0,30.0
icR_f0.75_e3e6_y30,2,patch_9,False,"probe timeout (contact 1.0 s, frames 1)",1.25,0.0,30.0
icR_f0.75_e3e6_y30,3,patch_2,False,"probe timeout (contact 57.6 s, frames 55)",,0.0,8.4
icR_force2_y-15,0,patch_6,False,approach timeout,,,0.0
icR_force2_y-15,1,patch_1,False,approach timeout,,,0.0
icR_force2_y-15,2,patch_8,False,"probe timeout (contact 57.8 s, frames 56)",,0.0,0.0
icR_force2_y-15,3,patch_4,False,approach timeout,,,0.0
icR_force2_y0,0,patch_1,True,complete,5.05,1.8,30.0
icR_force2_y0,1,patch_8,True,complete,,17.0,30.0
icR_force2_y0,2,patch_6,False,"probe timeout (contact 57.4 s, frames 56)",,0.0,0.0
icR_force2_y0,3,patch_3,True,complete,,0.8,30.0
icR_force2_y15,0,patch_1,True,complete,0.75,4.9,30.0
icR_force2_y15,1,patch_10,False,"probe timeout (contact 57.7 s, frames 56)",,0.4,0.2
icR_force2_y15,2,patch_4,False,approach timeout,,,0.0
icR_force2_y15,3,patch_2,False,"probe timeout (contact 5.1 s, frames 4)",0.45,0.1,30.0
icR_force6_y-15,0,patch_6,False,approach timeout,,,0.0
icR_force6_y-15,1,patch_1,False,approach timeout,,,0.0
icR_force6_y-15,2,patch_7,False,approach timeout,,,0.0
icR_force6_y0,0,patch_1,True,complete,6.05,2.7,30.0
icR_force6_y0,1,patch_8,True,complete,2.75,22.6,30.0
icR_force6_y0,2,patch_6,True,complete,0.85,0.0,30.0
icR_force6_y0,3,patch_3,True,complete,,5.8,30.0
icR_force6_y15,0,patch_1,True,complete,0.95,4.7,30.0
icR_force6_y15,1,patch_10,True,complete,0.8,0.1,30.0
icR_force6_y15,2,patch_4,False,approach timeout,,,0.0
icR_force6_y15,3,patch_2,False,"probe timeout (contact 0.0 s, frames 0)",0.5,0.0,30.0
icR_off_n-0.03_y-15,0,patch_6,False,approach timeout,,,0.0
icR_off_n-0.03_y-15,1,patch_1,False,approach timeout,,,0.0
icR_off_n-0.03_y-15,2,patch_7,False,approach timeout,,,0.0
icR_off_n-0.03_y0,0,patch_1,True,complete,,153.7,30.0
icR_off_n-0.03_y0,1,patch_8,True,complete,,77.3,30.0
icR_off_n-0.03_y0,2,patch_6,True,complete,4.25,0.0,30.0
icR_off_n-0.03_y0,3,patch_3,False,"probe timeout (contact 52.8 s, frames 2)",,28.6,30.0
icR_off_n-0.03_y15,0,patch_1,True,complete,,22.2,30.0
icR_off_n-0.03_y15,1,patch_10,False,"probe timeout (contact 47.5 s, frames 0)",,0.1,30.0
icR_off_n-0.03_y15,2,patch_6,False,"probe timeout (contact 53.5 s, frames 2)",,2.2,30.0
icR_off_n0.03_y-15,0,patch_7,False,approach timeout,,,0.0
icR_off_n0.03_y-15,1,patch_1,False,approach timeout,,,0.0
icR_off_n0.03_y-15,2,patch_5,False,approach timeout,,,0.0
icR_off_n0.03_y-15,3,patch_2,True,complete,,0.0,30.0
icR_off_n0.03_y0,0,patch_1,True,complete,1.1,12.7,30.0
icR_off_n0.03_y0,1,patch_8,True,complete,12.4,60.7,30.0
icR_off_n0.03_y0,2,patch_6,True,complete,4.1,0.0,30.0
icR_off_n0.03_y0,3,patch_3,True,complete,,1.8,30.0
icR_off_n0.03_y15,0,patch_1,True,complete,6.95,20.6,30.0
icR_off_n0.03_y15,1,patch_10,True,complete,,0.1,30.0
icR_off_n0.03_y15,2,patch_8,False,approach timeout,,,0.0
icR_off_n0.03_y15,3,patch_5,True,complete,1.75,0.0,30.0
icR_off_x-0.02_y-15,0,patch_6,False,approach timeout,,,0.0
icR_off_x-0.02_y-15,1,patch_1,False,approach timeout,,,0.0
icR_off_x-0.02_y-15,2,patch_4,False,approach timeout,,,0.0
icR_off_x-0.02_y0,0,patch_1,True,complete,,12.6,30.0
icR_off_x-0.02_y0,1,patch_8,True,complete,,16.3,30.0
icR_off_x-0.02_y0,2,patch_6,True,complete,4.7,0.0,30.0
icR_off_x-0.02_y0,3,patch_3,True,complete,,9.4,30.0
icR_off_x-0.02_y15,0,patch_1,True,complete,5.25,4.6,30.0
icR_off_x-0.02_y15,1,patch_10,True,complete,,0.1,30.0
icR_off_x-0.02_y15,2,patch_4,False,approach timeout,,,0.0
icR_off_x-0.02_y15,3,patch_2,True,complete,0.55,0.1,30.0
icR_off_x0.02_y-15,0,patch_7,False,approach timeout,,,0.0
icR_off_x0.02_y-15,1,patch_1,False,approach timeout,,,0.0
icR_off_x0.02_y-15,2,patch_5,False,approach timeout,,,0.0
icR_off_x0.02_y-15,3,patch_2,True,complete,,0.0,30.0
icR_off_x0.02_y0,0,patch_1,True,complete,0.1,9.9,30.0
icR_off_x0.02_y0,1,patch_9,True,complete,2.85,23.6,30.0
icR_off_x0.02_y0,2,patch_6,False,"probe timeout (contact 48.1 s, frames 46)",,0.0,11.1
icR_off_x0.02_y0,3,patch_3,True,complete,,1.4,30.0
icR_off_x0.02_y15,0,patch_1,True,complete,5.1,13.1,30.0
icR_off_x0.02_y15,1,patch_10,True,complete,,0.0,30.0
icR_off_x0.02_y15,2,patch_4,False,approach timeout,,,0.0
icR_off_x0.02_y15,3,patch_2,False,"probe timeout (contact 0.0 s, frames 0)",0.0,0.0,30.0
